id,ip,ip_type,address,attack_type,file_name,industrial,model,orginazition,risk_level,risk_level_cn,search_value,tool,create_by,create_time,update_by,update_time,leak,visit_eurl,phishing_email,ext1,ext2,ext3,ext4
82adc915ca8147dcab859ef73f7a4a40,218.106.154.134,2,福建省福州市,,,国家机构,,中国联通,0,,,,yanhl61,2023/12/7 2:42,,2023/12/7 2:42,,,,573,,,
4b5aa6632b6d46c6b34c4e6071ae41cf,113.14.14.177,1,广西壮族自治区来宾市,,,,,中国电信,0,,,,yanhl61,2023/12/7 2:42,,2023/12/7 2:42,,,,573,,,
0afb1f60071b4b5c8558b67fe7cdae9b,5.9.18.128,1,德国 ,,,,,Hetzner Online GmbH,0,,,,wanhj7,2023/8/11 22:04,,2023/8/11 22:04,,,,547,,,
a69fd64ca25944eba6fc25655e77222f,212.174.249.134,1,土耳其 ,,,,,土耳其电信公司,0,,,,wanhj7,2023/8/11 22:04,,2023/8/11 22:04,,,,547,,,
9e864e4950d348cd970425c51d6d9265,212.174.249.131,1,土耳其 ,,,,,土耳其电信公司,0,,,,wanhj7,2023/8/11 22:04,,2023/8/11 22:04,,,,547,,,
80dadba65ca848eeb60dd2a078d2fb94,38.121.75.123,1,加拿大,,,,,Cogent Communications,0,,,,wanhj7,2023/8/11 22:04,,2023/8/11 22:04,,,,547,,,
2060007c95bf430c8139ca608a6d9c0f,8.134.60.33,2,广东省广州市,,,通信,,阿里云,0,,,,wanhj7,2023/8/11 22:04,,2023/8/11 22:04,,,,547,,,
dc051723963347cda4004f2a09307aa6,121.229.23.156,1,江苏省苏州市,,,,,中国电信,0,,,,wanhj7,2023/5/15 6:21,,2023/5/15 6:21,,,,545,,,
277b1bb885ef40d3bce5f28beab38823,120.72.45.195,2,江苏省宿迁市,,,,,中国联通,0,,,,wanhj7,2023/5/15 6:21,,2023/5/15 6:21,,,,545,,,
4bde50d5eecb482dab54621e4d0ff5aa,120.72.45.196,2,江苏省宿迁市,,,,,,0,,,,wanhj7,2023/5/15 6:21,,2023/5/15 6:21,,,,545,,,
b538f5d8cea8462aab085457afae542e,117.81.232.233,1,江苏省宿迁市,,,,,中国电信,0,,,,wanhj7,2023/5/15 6:21,,2023/5/15 6:21,,hk.warin9.top,,545,,,
3469b34a8d1945a7840c1ffe942107b7,122.194.40.74,2,江苏省镇江市,,,,,中国联通,0,,,,wanhj7,2023/5/15 6:21,,2023/5/15 6:21,,,,545,,,
bb1214322c954ccba08038535a861d9f,122.194.40.76,2,江苏省镇江市,,,,,,0,,,,wanhj7,2023/5/15 6:21,,2023/5/15 6:21,,,,545,,,
0359aec6739949f393a49814104d8e61,221.6.146.65,2,江苏省镇江市,,,,,中国联通,0,,,,wanhj7,2023/5/15 6:21,,2023/5/15 6:21,,,,545,,,
8f57cd81ce51401fa4e70df591c1a921,221.6.146.66,2,江苏省镇江市,,,,,,0,,,,wanhj7,2023/5/15 6:21,,2023/5/15 6:21,,,,545,,,
5aa9dba2fb344fe4b29a508bc93be478,221.6.146.71,2,江苏省镇江市,,,,,,0,,,,wanhj7,2023/5/15 6:21,,2023/5/15 6:21,,,,545,,,
f14d7fd38171403c8190f2e031fea71f,122.10.15.8,1,中国香港,,,,,鼎峰新汇香港科技有限公司,0,,,,wanhj7,2023/8/22 23:15,,2023/8/22 23:15,,,,548,,,
a8c72acb6e12433caa2850f1929b6805,23.234.36.237,2,中国香港,,,,,鼎峰新汇香港科技有限公司,0,,,,wanhj7,2023/8/22 23:15,,2023/8/22 23:15,,,,548,,,
cd899aa508594d5987cbc7882fb3b662,103.85.171.178,2,北京市,,,,,中国电信,,,,,wanhj7,2023/1/14 20:59,,2023/1/14 20:59,,,,245,,,
e8c8761d5f1e4da39b6a503e37955014,123.7.18.119,2,河南省济源市,,,,,中国联通,,,,,wanhj7,2023/1/14 20:59,,2023/1/14 20:59,,,,245,,,
d527e033cc32493c8d29d3d330dc864b,222.80.125.157,2,新疆维吾尔族自治区和田市,,,,,中国电信,,,,,wanhj7,2023/1/14 20:59,,2023/1/14 20:59,,,,245,,,
6bb7bcb7d55a4adda109fb09198dc8b4,117.145.141.26,2,新疆维吾尔族自治区和田市,,,,,中国移动,,,,,wanhj7,2023/1/14 20:59,,2023/1/14 20:59,,,,245,,,
7baf546ef81f45f5b2f96a28f8d9db57,111.21.125.234,2,陕西省安康市,,,,,中国移动,,,,,wanhj7,2023/1/14 20:59,,2023/1/14 20:59,,,,245,,,
1d19a28bd42a461bbf4e15f2d9e0d545,111.33.115.170,2,天津市,,,,,中国移动,,,,,wanhj7,2023/1/14 20:59,,2023/1/14 20:59,,,,245,,,
d402fe590b1e46b88d19de413cd07eaa,61.178.223.191,1,甘肃省兰州市,,,,,中国电信,,,,,wanhj7,2023/1/14 20:59,,2023/1/14 20:59,,,,245,,,
e069b0598b9a4ae798e1f4b253d7959b,23.154.80.89,1,加拿大,,,,,Yanoor Islam Khan,,,,,wanhj7,2023/1/14 20:59,,2023/1/14 20:59,,,,245,,,
a763f7e4043049a983077b1867b2b14e,114.33.24.12,1,中国台湾,,,,,中华电信股份有限公司,,,,,wanhj7,2023/1/14 20:59,,2023/1/14 20:59,,,,245,,,
829bf979c6994a5f800ab56f576181b0,185.56.129.156,1,德国,,,,,SysEleven GmbH,,,,,wanhj7,2023/1/14 20:59,,2023/1/14 20:59,,,,245,,,
706096c8da68414ea5e07e3066fbec02,158.247.193.136,1,韩国,,,,,The Constant Company,,,,,wanhj7,2023/1/14 20:59,,2023/1/14 20:59,,,,245,,,
2d25d6ebf802440e9d0d27c2054a45b7,218.75.223.136,1,湖南省株洲市,,,,,中国电信,,,,,wanhj7,2023/1/14 20:59,,2023/1/14 20:59,,,,245,,,
326d128ba09f440991b3c8c57fc91e13,157.255.122.4,2,广东省东莞市,,,卫生,,中国联通,,,,,wanhj7,2023/2/23 4:06,,2023/2/23 4:06,,,,246,,,
ed79bce25c314cec9808a89e5c5be7fd,185.56.129.156,1,澳大利亚,,,,,,,,,,wanhj7,2023/2/23 4:06,,2023/2/23 4:06,,,,246,,,
36f1c1d2eb814424b62b0b986711c2cc,110.240.249.47,1,河北省石家庄市,,,,,中国联通,,,,,wanhj7,2023/3/15 22:09,,2023/3/15 22:09,,,,284,,,
6eed2c366c964728235aad116477aa9e,61.183.129.34,1,湖北省武汉市,,,,,湖北XX鉴定中心,,,,,wanhj7,2024/1/16 7:43,,2024/1/16 7:43,,,,,,,
6eed2c366c9647282359ad116477aa9e,47.122.24.35,2,上海市,,,,,阿里云,,,,,wanhj7,2023/6/1 2:01,,2023/6/1 2:01,,,,546,,,
6eed2c366c964728235aad136477aa9e,120.86.114.71,2,广东省东莞市,,,金融,,中国联通,,,,,wanhj7,2023/3/14 4:59,,2023/3/14 4:59,,,,563,,,
6eed2c366c964728235aad116477aa9e,222.90.96.225,2,陕西省西安市,,,,,中国电信,,,,,wanhj7,2022/11/25 3:39,,2022/11/25 3:39,,,,185,,,
6eed2c366c964728235aad116477aa02,124.163.196.158,2,山西省忻州市,,,,,中国联通,,,,,wanhj7,2024/1/16 7:43,,2024/1/16 7:43,,,,,,,
6eed2c366c964728235aad116477aa01,116.136.170.124,2,内蒙古自治区呼和浩特市,,,,,中国联通,,,,,wanhj7,2024/1/16 7:43,,2024/1/16 7:43,,,,,,,
4b5aa6632b6d46c6b34c4e6071ae4001,153.14.186.37,1,美国,,,,,,0,,,,yanhl61,2023/12/7 2:42,,2023/12/7 2:42,,,,573,,,
4b5aa6632b6d46c6b34c4e6071ae4002,118.70.14.164,1,越南,,,,,FPT Telecom Company,0,,,,yanhl61,2023/12/7 2:42,,2023/12/7 2:42,,,,573,,,
6eed2c366c9647282359ad116477a001,101.67.164.180,1,浙江省杭州市,,,,,中国联通,,,,,wanhj7,2023/6/1 2:01,,2023/6/1 2:01,,,,546,,,
6eed2c366c9647428235ad46477aa001,123.113.240.57,2,北京市,,,,,中国联通,,,,,wanhj7,2023/3/15 22:09,,2023/3/15 22:09,,,,284,,,
6eed2c366c9647428235ad46477aa002,123.113.73.120,2,北京市,,,,,中国联通,,,,,wanhj7,2023/3/15 22:09,,2023/3/15 22:09,,,,284,,,
6eed2c366c964728235aad136477a001,120.86.114.74,2,广东省东莞市,,,金融,,中国联通,,,,,wanhj7,2023/3/14 4:59,,2023/3/14 4:59,,,,563,,,
6eed2c366c964728235aad136477a002,58.251.50.138,2,广东省东莞市,,,金融,,中国联通,,,,,wanhj7,2023/3/14 4:59,,2023/3/14 4:59,,,,563,,,
6eed2c366c964728235aad136477a003,118.107.44.181,1,中国香港,,,,,BGP Consultancy Pte Ltd,,,,,wanhj7,2023/3/14 4:59,,2023/3/14 4:59,,,,563,,,
6eed2c366c964728235aad136477a004,43.255.113.232,1,柬埔寨 ,,,,,Xinwei (Cambodia) Telecom Co. Ltd,,,,,wanhj7,2023/3/14 4:59,,2023/3/14 4:59,,,,563,,,
6eed2c366c964728235aad136477a005,154.16.180.182,1,荷兰 ,,,,,NovoServe B.V.,,,,,wanhj7,2023/3/14 4:59,,2023/3/14 4:59,,,,563,,,
6eed2c366c964728235aad136477a006,89.248.163.57,1,荷兰,,,,,IP Volume inc,,,,,wanhj7,2023/3/14 4:59,,2023/3/14 4:59,,,,563,,,
6eed2c366c964728235aad136477a007,102.223.21.181,1,加纳 ,,,,,Vobiss Solutions Limited,,,,,wanhj7,2023/3/14 4:59,,2023/3/14 4:59,,,,563,,,
6eed2c366c964728235aad136477a008,103.140.206.174,1,印度尼西亚,,,,,PT INDONESIA COMNETS PLUS,,,,,wanhj7,2023/3/14 4:59,,2023/3/14 4:59,,,,563,,,
6eed2c366c964728235aad136477a009,68.183.235.255,1,新加坡,,,,,"DigitalOcean, LLC",,,,,wanhj7,2023/3/14 4:59,,2023/3/14 4:59,,,,563,,,
6eed2c366c964728235aad136477a010,37.238.131.206,1,伊拉克 ,,,,,Hulum Almustakbal Company for Communication Engineering and Services Ltd,,,,,wanhj7,2023/3/14 4:59,,2023/3/14 4:59,,,,563,,,
ed79bce25c314cec9808a89e5c5be001,51.222.32.104,1,德国,,,,,SysEleven GmbH,,,,,wanhj7,2023/2/23 4:06,,2023/2/23 4:06,,,,246,,,
ed79bce25c314cec9808a89e5c5be002,152.32.242.12,1,加拿大,,,,,OVH SAS,,,,,wanhj7,2023/2/23 4:06,,2023/2/23 4:06,,,,246,,,
ed79bce25c314cec9808a89e5c5be003,162.142.125.232,1,菲律宾,,,,,优刻得信息科技（香港）有限公司,,,,,wanhj7,2023/2/23 4:06,,2023/2/23 4:06,,,,246,,,
ed79bce25c314cec9808a89e5c5be004,80.82.77.146,1,美国,,,,,"Censys, Inc.",,,,,wanhj7,2023/2/23 4:06,,2023/2/23 4:06,,,,246,,,
ed79bce25c314cec9808a89e5c5be005,115.147.33.188,1,荷兰,,,,,IP Volume inc,,,,,wanhj7,2023/2/23 4:06,,2023/2/23 4:06,,,,246,,,
ed79bce25c314cec9808a89e5c5be006,131.253.33.203,1,菲律宾,,,,,菲律宾长途电话,,,,,wanhj7,2023/2/23 4:06,,2023/2/23 4:06,,,,246,,,
6eed2c366c964728235aad116477a001,222.205.15.207,2,浙江省杭州市,,,教育,,中国教育网,,,,,wanhj7,2022/11/25 3:39,,2022/11/25 3:39,,,,185,,,
6eed2c366c964728235aad116477a002,171.88.165.177,2,四川省成都市,,,国家机构,,中国电信,,,,,wanhj7,2022/11/25 3:39,,2022/11/25 3:39,,,,185,,,
6eed2c366c964728235aad116477a003,116.128.240.102,2,湖南省长沙市,,,国家机构,,中国联通,,,,,wanhj7,2022/11/25 3:39,,2022/11/25 3:39,,,,185,,,
6eed2c366c964728235aad116477a005,23.224.232.192,1,美国,,,,,CNSERVERS LLC,,,,,wanhj7,2022/11/25 3:39,,2022/11/25 3:39,,,,185,,,
6eed2c366c964728235aad116477a006,103.140.187.102,1,日本,,,,,EstNOC OY,,,,,wanhj7,2022/11/25 3:39,,2022/11/25 3:39,,,,185,,,
6eed2c366c964728235aad116477a007,124.114.148.37,2,陕西省西安市,,,国家机构,,中国电信,,,,,wanhj7,2022/11/25 3:39,,2022/11/25 3:39,,,,185,,,
6eed2c366c964728235aad116477a008,113.140.3.76,2,陕西省西安市,,,国家机构,,中国电信,,,,,wanhj7,2022/11/25 3:39,,2022/11/25 3:39,,,,185,,,
6eed2c366c964728235aad116477a009,222.205.1.205,2,浙江省杭州市,,,教育,,中国教育网,,,,,wanhj7,2022/11/25 3:39,,2022/11/25 3:39,,,,185,,,
ecd68257e1414eb2ab2d82e6756582c1,39.168.155.37,2,,,,,,,,,,,wanhj7,2023/1/17 4:20,,2023/1/17 4:20,,,,627,,,
179f58e047fa4fcbaed24bbf3737d21b,106.116.58.47,2,,,,,,,,,,,wanhj7,2023/1/17 4:20,,2023/1/17 4:20,,,,627,,,
fcdd4828bf964d0c9531a115eea7cc4b,114.100.82.19,2,,,,,,,,,,,wanhj7,2023/1/17 4:20,,2023/1/17 4:20,,,,627,,,
4f5c45d3fa4b4d45adf1ea7b8471bc41,139.215.228.12,2,,,,,,,,,,,wanhj7,2023/1/17 4:20,,2023/1/17 4:20,,,,627,,,
eed7ac757ee74a3698d378faae68f344,43.138.68.145,2,,,,,,,,,,,wanhj7,2023/1/17 4:20,,2023/1/17 4:20,,,,627,,,
1268351e69d24d0dae5be0c6ed51dc04,43.143.227.195,2,,,,,,,,,,,wanhj7,2023/1/17 4:20,,2023/1/17 4:20,,,,627,,,
4ffb24ad2b3944e5b64fa9a230aa230e,113.226.147.145,2,,,,,,,,,,,wanhj7,2023/1/17 4:20,,2023/1/17 4:20,,,,627,,,
0da5057f2f8744e1a1842e3669ce9d5b,123.117.168.154,2,,,,,,,,,,,wanhj7,2023/1/17 4:20,,2023/1/17 4:20,,,,627,,,
8ccc066628cc4b2988c7982ccbcfbad1,114.253.205.64,2,,,,,,,,,,,wanhj7,2023/1/17 4:20,,2023/1/17 4:20,,,,627,,,
e9d0099aa37449e89c54db865fcc071d,183.160.96.0,2,,,,,,,,,,,wanhj7,2023/1/17 4:20,,2023/1/17 4:20,,,,627,,,
9236a3be5d084dcc950c0ab13a8e4bd5,114.139.179.17,2,,,,,,,,,,,wanhj7,2023/1/17 4:20,,2023/1/17 4:20,,,,627,,,
5a76ec745f5f4a15a9ddc97c8111a898,139.214.102.146,2,,,,,,,,,,,wanhj7,2023/1/17 4:20,,2023/1/17 4:20,,,,627,,,
1d9fe59060da4cc389b4a53fb165dd8b,36.7.116.196,2,,,,,,,,,,,wanhj7,2023/1/17 4:20,,2023/1/17 4:20,,,,627,,,
82f5ff018ae44fa5a7a40579e5440ef1,42.55.38.220,2,,,,,,,,,,,wanhj7,2023/1/17 4:20,,2023/1/17 4:20,,,,627,,,
93aaa608045d4e4f90e0c88279730039,27.208.7.110,2,,,,,,,,,,,wanhj7,2023/1/17 4:20,,2023/1/17 4:20,,,,627,,,
86eb6e74af6b44c5881e9abcc6897af8,43.143.161.204,2,,,,,,,,,,,wanhj7,2023/1/17 4:20,,2023/1/17 4:20,,,,627,,,
726e978de97b48d2b1a797b386c4473e,42.229.72.105,2,,,,,,,,,,,wanhj7,2023/1/17 4:20,,2023/1/17 4:20,,,,627,,,
cbd7bc759b0a4322892e53f5cd815747,120.48.63.155,2,,,,,,,,,,,wanhj7,2023/1/17 4:20,,2023/1/17 4:20,,,,627,,,
cd0c6bbfaaad4af2b88506fa28df4932,58.245.177.216,2,,,,,,,,,,,wanhj7,2023/1/17 4:20,,2023/1/17 4:20,,,,627,,,
9bd93ba8f3f1464c875e65b8c71e7578,218.62.56.22,2,,,,,,,,,,,wanhj7,2023/1/17 4:20,,2023/1/17 4:20,,,,627,,,
8e91ff25f03745379adbdb2c6315a9a3,178.236.42.27,2,,,,,,,,,,,wanhj7,2023/1/17 4:20,,2023/1/17 4:20,,,,627,,,
00b53c631b7640d787f1be29842b45d2,101.43.224.36,2,,,,,,,,,,,wanhj7,2023/1/17 4:20,,2023/1/17 4:20,,,,627,,,
82e41838866a4fd98ddf5b63df2027ed,119.114.14.33,2,,,,,,,,,,,wanhj7,2023/1/17 4:20,,2023/1/17 4:20,,,,627,,,
b64c76cb2c224ca9a6c467bfa985f82b,221.223.95.114,2,,,,,,,,,,,wanhj7,2023/1/17 4:20,,2023/1/17 4:20,,,,627,,,
8976f5ac49134e1e82b5f0048793dfea,222.130.132.250,2,,,,,,,,,,,wanhj7,2023/1/17 4:20,,2023/1/17 4:20,,,,627,,,
c5d58922d71b45178246b19b18ed7c1a,123.115.120.159,2,,,,,,,,,,,wanhj7,2023/1/17 4:20,,2023/1/17 4:20,,,,627,,,
d534d75aa25944739a20a287ca14ccf2,123.11.111.255,2,,,,,,,,,,,wanhj7,2023/1/17 4:20,,2023/1/17 4:20,,,,627,,,
fd73648f557c4a5c9c1663030fb8f291,120.245.132.46,2,,,,,,,,,,,wanhj7,2023/1/17 4:20,,2023/1/17 4:20,,,,627,,,
16a844d0bd0d40468c72fab7439fb373,123.113.93.201,2,,,,,,,,,,,wanhj7,2023/1/17 4:20,,2023/1/17 4:20,,,,627,,,
61c00b8a204049c8adc36691f2daf503,223.79.48.178,2,,,,,,,,,,,wanhj7,2023/1/17 4:20,,2023/1/17 4:20,,,,627,,,
ce9fc7710d344016bc898ef45160f28d,113.195.28.231,2,,,,,,,,,,,wanhj7,2023/1/17 4:20,,2023/1/17 4:20,,,,627,,,
277c7dd8ceef45aebd8daf1e69b4fb47,113.195.22.116,2,,,,,,,,,,,wanhj7,2023/1/17 4:20,,2023/1/17 4:20,,,,627,,,
0d13962cf2f44615b69327c38c2017b9,218.25.75.137,1,,,,,,,,,,,wanhj7,2023/1/17 4:20,,2023/1/17 4:20,,,,627,,,
8f9dfed6c1a34887b315fd1f7683e705,218.25.75.139,1,,,,,,,,,,,wanhj7,2023/1/17 4:20,,2023/1/17 4:20,,,,627,,,
ef4c4df14b83401a95cfe5acc93eb5b7,222.73.251.10,1,中国/上海市/市辖区,,,,,,,,,,wanhj7,2023/1/17 4:20,,2023/1/17 4:20,,,,627,,,
82c2a47817564145bfdf60d5e7b2ea2d,114.247.121.138,1,中国/北京市/市辖区,,,,,,,,,,wanhj7,2023/1/17 4:20,,2023/1/17 4:20,,,,627,,,
23abbd6a2e1f46b5b3adea4f1a526ec8,185.197.195.196,1,德国,,,,,,,,,,wanhj7,2023/2/15 21:26,,2023/2/15 21:26,,,,,,,
60f9ded636ca41a89d4c51e9fe59a92b,112.245.48.74,2,中国/山东省/泰安市,,,医疗,,,,,,,wanhj7,2023/2/15 21:26,,2023/2/15 21:26,,,,,,,
6908035251ec4549970f3ed0332d4339,120.82.174.128,2,,,,,,,,,,,wanhj7,2023/2/15 21:26,,2023/2/15 21:26,,,,,,,
3ccfd7f37cbf406c8512f2eb68e27404,221.6.215.202,2,中国/江苏省/徐州市,,,医疗,,,,,,,wanhj7,2023/2/15 21:26,,2023/2/15 21:26,,,,,,,
307e222c58aa46bdab6307931d75dd50,121.31.35.98,2,中国/广西壮族自治区/南宁市,,,医疗,,,,,,,wanhj7,2023/2/15 21:26,,2023/2/15 21:26,,,,,,,
33be48bd682c415ea206cb56f5358c36,119.187.168.210,2,中国/山东省/东营市,,,医疗,,,,,,,wanhj7,2023/2/15 21:26,,2023/2/15 21:26,,,,,,,
0bcb44f9ad67435aa8b4e1b577af13de,211.97.2.197,2,中国/广东省/广州市,,,医疗,,,,,,,wanhj7,2023/2/15 21:26,,2023/2/15 21:26,,,,,,,
2c037c63a56e424ca181ffe479880f70,121.22.53.166,2,中国/河北省/秦皇岛市,,,健保,,,,,,,wanhj7,2023/2/15 21:26,,2023/2/15 21:26,,,,,,,
a9b4b0662cea420381ee7eed9bce986a,120.86.120.109,2,中国/广东省/东莞市,,,零售,,,,,,,wanhj7,2023/2/15 21:26,,2023/2/15 21:26,,,,,,,
faa02c8045b9460f998acef90edb6ca6,220.249.100.111,2,中国/湖北省/武汉市,,,科技,,,,,,,wanhj7,2023/2/15 21:26,,2023/2/15 21:26,,,,,,,
a0cb32c1ee65467fadc057902a2e5e48,140.206.62.198,2,中国/上海市/市辖区,,,运输,,,,,,,wanhj7,2023/2/15 21:26,,2023/2/15 21:26,,,,,,,
f1a0e841f2c94736a2e419050b8c7830,58.20.235.231,2,中国/湖南省/湘潭市,,,医疗,,,,,,,wanhj7,2023/2/15 21:26,,2023/2/15 21:26,,,,,,,
cbe4d3685c604805a580b804982c9824,5.255.105.73,1,,,,,,,,,,,wanhj7,2023/3/26 1:09,,2023/3/26 1:09,,mail.tsinghu.edu.cn.aliyu.co,,,,,
9af8831a175340bbba2a55cf436c15f2,120.46.192.163,2,,,,,,,,,,,wanhj7,2023/4/22 22:01,,2023/4/22 22:01,,,,633,,,
df2870f6d3274486abffea67fa033143,43.246.209.83,1,,,,,,,,,,,wanhj7,2023/11/5 20:49,,2023/11/5 20:49,,,,637,,,
815c3f6849b648778099a0e954d2f9d4,103.218.242.86,1,,,,,,,,,,,wanhj7,2023/11/5 20:49,,2023/11/5 20:49,,,,637,,,
f359748a8b144bb784c5ae2e894eab38,1.1.1.1,1,,,,,,,,,,,chenx215,2024/4/30 14:54,,2024/4/30 14:54,,,,664,,,
4ddba02da40a4578805a1d5541effac6,124.221.38.181,1,,,,,,,,,,,zhangxy1599,2024/8/12 13:59,,2024/8/12 13:59,,,,755,,,
aec71bd45a1f45cbac2c1fd9e0a460f5,124.160.71.85,2,,,,,,,,,,,zhangxy1599,2024/8/12 13:59,,2024/8/12 13:59,,,,755,,,
f58d6e37e441407583f3505829d616e2,111.202.245.237,2,,,,,,,,,,,zhangxy1599,2024/8/12 13:59,,2024/8/12 13:59,,,,755,,,
05a28babce3f4a8d9d84389ca9ce93d5,10.120.42.83,2,,,,,,,,,,,zhangxy1599,2024/8/12 13:59,,2024/8/12 13:59,,,,755,,,
131c52544979417faae659cc83deaf9c,171.34.163.251,1,,,,,,,,,,,gaoj162,2024/8/12 14:25,,2024/8/12 14:25,,,,558,,,
05a28babce3f4a8d9d84389ca9ce93d6,218.8.137.78,2,,,,政府,,,,,,,zhangxy1599,2024/8/12 13:59,,2024/8/12 13:59,,,,777,,,
131c52544979417faae659cc83deaf9d,101.200.242.144,1,,,,,,,,,,,zhangxy1599,2024/8/12 14:25,,2024/8/12 14:25,,,,777,,,
131c52544979417faae659cc83deaf9f,121.41.41.57,1,,,,,,,,,,,zhangxy1599,2024/8/12 14:25,,2024/8/12 14:25,,,,777,,,
131c52544979417faae659cc83deaf9e,121.40.35.157,1,,,,,,,,,,,zhangxy1599,2024/8/12 14:25,,2024/8/12 14:25,,,,777,,,
652c80b5165b4428a5153645014c1d0e,59.110.166.243,1,,,,,,,,,,,zhangxy1599,2024/8/19 20:17,,2024/8/19 20:17,,,,816,,,
6da21690145a4c94ab070a713a7cee6c,132.46.14.14,2,,,,,,,,,,,zhangxy1599,2024/8/19 20:17,,2024/8/19 20:17,,,,816,,,
6be9580b227748828518a44a8ca97300,10.126.128.221,2,,,,,,,,,,,zhangxy1599,2024/8/19 20:17,,2024/8/19 20:17,,,,816,,,
45701684584744a8a324a571ec13e092,103.121.165.74,2,,,,,,,,,,,zhangxy1599,2024/8/19 20:17,,2024/8/19 20:17,,,,816,,,
7dc420fb7e5c4351acca7a8b1d0ce447,10.126.128.221,2,,,,,,,,,,,zhangxy1599,2024/8/19 20:17,,2024/8/19 20:17,,,,816,,,
5f051eb8d0244547b76aa3996986c1bd,10.127.130.138,2,,,,,,,,,,,zhangxy1599,2024/8/19 20:17,,2024/8/19 20:17,,,,816,,,
df408b4600bf4f4cb0b49a913b8b4829,121.41.41.57,1,,,,,,,,,,,juy6,2024/8/20 11:33,,2024/8/20 11:33,,,,777,,,
95ce4b84456846419e2c34e3d8e71c47,218.8.137.78,2,,,,,,,,,,,juy6,2024/8/20 11:33,,2024/8/20 11:33,,,,777,,,
35122403803c41afa4ba2ff924854d3e,101.200.242.144,1,,,,,,,,,,,juy6,2024/8/20 11:33,,2024/8/20 11:33,,,,777,,,
2c21f652a1df4ee19aece50e9490c24b,121.40.35.157,1,,,,,,,,,,,juy6,2024/8/20 11:33,,2024/8/20 11:33,,,,777,,,
6bba91516b4042fe9b3cd8b3a032bb91,59.110.166.243,1,,,,,,,,,,,zhangxy1599,2024/8/21 13:11,,2024/8/21 13:11,,,,816,,,
2e04929ed9674cecbb25c423b798d1e9,132.46.14.14,2,,,,,,,,,,,zhangxy1599,2024/8/21 13:11,,2024/8/21 13:11,,,,816,,,
ec8d4f4905f849cdbd37445ed1f7a38c,10.126.128.221,2,,,,,,,,,,,zhangxy1599,2024/8/21 13:11,,2024/8/21 13:11,,,,816,,,
bda26e36814340cdad759c79db444603,103.121.165.74,2,,,,,,,,,,,zhangxy1599,2024/8/21 13:11,,2024/8/21 13:11,,,,816,,,
54db615542fc42bbb3eef293661fd3a1,10.126.128.221,2,,,,,,,,,,,zhangxy1599,2024/8/21 13:11,,2024/8/21 13:11,,,,816,,,
5ae54ce877164ab9b542db57d030a543,10.127.130.138,2,,,,,,,,,,,zhangxy1599,2024/8/21 13:11,,2024/8/21 13:11,,,,816,,,
2549e94db15246819c98d46ead5e9f3a,58.16.228.182,1,,,,,,,,,,,zhangxy1599,2024/9/11 17:36,,2024/9/11 17:36,,,,843,,,
1883832c3e3c48359f3ba84d6288125f,119.39.227.247,2,,,,,,,,,,,zhangxy1599,2024/9/11 17:36,,2024/9/11 17:36,,,,843,,,
0d2cbebd2db445739791446b30b76f71,43.242.164.244,2,,,,,,,,,,,zhangxy1599,2024/9/11 17:36,,2024/9/11 17:36,,,,843,,,
09bd25f2f5e94c6a808ddd7bb730491b,103.1.65.47,2,,,,,,,,,,,zhangxy1599,2024/9/11 17:36,,2024/9/11 17:36,,,,843,,,
a164d9676b8e4e0cb20039fba3de8c26,202.96.18.6,2,,,,,,,,,,,zhangxy1599,2024/9/11 17:36,,2024/9/11 17:36,,,,843,,,
7316b940ff284f4f876764213d216030,121.41.41.57,1,,,,,,,,,,,tianky9,2024/12/19 10:00,,2024/12/19 10:00,,,,777,,,
2e2ad73412824623bffcb0b8e0cd9956,218.8.137.78,2,,,,,,,,,,,tianky9,2024/12/19 10:00,,2024/12/19 10:00,,,,777,,,
2d147c7a5e734052bb35cd3bb29b1af8,101.200.242.144,1,,,,,,,,,,,tianky9,2024/12/19 10:00,,2024/12/19 10:00,,,,777,,,
20dec19cb87342ad97a7e707ee085443,121.40.35.157,1,,,,,,,,,,,tianky9,2024/12/19 10:00,,2024/12/19 10:00,,,,777,,,
